snr_db,rmse_tiltX,rmse_tiltX_std,rmse_tiltY,rmse_tiltY_std,rmse_piston,rmse_piston_std
10,5.827650547027588,0.27240580320358276,5.745370864868164,0.5280001759529114,30.387588500976562,1.971672534942627
15,5.827650547027588,0.27240586280822754,5.745370864868164,0.52800053358078,30.38758659362793,1.971673846244812
20,5.827650547027588,0.27240586280822754,5.745370864868164,0.52800053358078,30.387588500976562,1.9716724157333374
25,5.827650547027588,0.27240586280822754,5.745369911193848,0.5280004143714905,30.38758659362793,1.9716739654541016
30,5.827651023864746,0.2724059224128723,5.745369911193848,0.5280007123947144,30.38758659362793,1.971673846244812
35,5.827651023864746,0.27240610122680664,5.745370864868164,0.5280008316040039,30.38758659362793,1.9716734886169434
40,5.827650547027588,0.27240633964538574,5.745370864868164,0.5280007123947144,30.387588500976562,1.9716730117797852
45,5.82765007019043,0.27240628004074097,5.745370864868164,0.5280007123947144,30.38758659362793,1.9716724157333374
50,5.827650547027588,0.27240633964538574,5.745370864868164,0.5280007123947144,30.38758659362793,1.9716734886169434
